{
    "model": "25.02.2023_dataset_1.1_yolov7_best.pt",
    "conf": 0.3,
    "iou": 0.45,
    "save_vid": false,
    "files": [
        "44",
        "45",
        "46",
        "47",
        "48",
        "49",
        "50",
        "51",
        "52",
        "53",
        "54",
        "55",
        "56",
        "57",
        "58",
        "59",
        "60",
        "61",
        "62",
        "63",
        "64",
        "65",
        "66",
        "67",
        "68",
        "69",
        "70",
        "71",
        "72"
    ],
    "classes": null,
    "save_txt": true,
    "yolo_version": "YoloVersion.yolo_v7"
}